{
  "name": "angular-utf8-base64",
  "version": "0.0.5",
  "main": "angular-utf8-base64.js",
  "ignore": [
    "package.json",
    "Gruntfile.js"
  ],
  "dependencies": {
    "angular": ">= 1.0.8"
  },
  "devDependencies": {
    "angular-mocks": "~1.3.1"
  },
  "homepage": "https://github.com/stranger82/angular-utf8-base64",
  "_release": "0.0.5",
  "_resolution": {
    "type": "version",
    "tag": "v0.0.5",
    "commit": "43cea612939acc07e06939f8da97e6f22186d1e2"
  },
  "_source": "https://github.com/stranger82/angular-utf8-base64.git",
  "_target": "^0.0.5",
  "_originalSource": "angular-utf8-base64",
  "_direct": true
}