{
  "YANGJIANG": {"id": "YANGJIANG", "name": "阳江话", "size": "29.6M", "status": "0", "date": "20161111", "progressval": 0 ,"stopinterval": null},
  "KEJIA": {"id": "KEJIA", "name": "客家话", "size": "0M", "status": "0", "date": "20161111", "progressval": 0 ,"stopinterval": null},
  "CHAOSHAN": {"id": "CHAOSHAN", "name": "潮汕话", "size": "0M", "status": "0", "date": "20161111", "progressval": 0 ,"stopinterval": null},
  "LEIZHOU": {"id": "LEIZHOU", "name": "雷州话", "size": "24.2M", "status": "0", "date": "20161111", "progressval": 0 ,"stopinterval": null}
}
